{
  "controller/View1.controller.js": 1704196288866,
  "model/models.js": 1704196288854,
  "manifest.json": 1704196617923,
  "i18n/i18n.properties": 1704196307166,
  "controller/App.controller.js": 1704196288858,
  "Component.js": 1704196288846,
  "Component-preload.js": 1704196618428,
  "controller/App-dbg.controller.js": 1704196288858,
  "controller/View1-dbg.controller.js": 1704196288866,
  "model/models-dbg.js": 1704196288854,
  "Component-dbg.js": 1704196288846,
  "view/View1.view.xml": 1704196519696,
  "view/App.view.xml": 1704196288862,
  "css/style.css": 1704196288858,
  "index.html": 1704196288846
}